,MOF036_Pressure,MOF036_MACO,MOF131_Pressure,MOF131_MACO,MOF228_Pressure,MOF228_MACO,MOF305_Pressure,MOF305_MACO,MOF306_Pressure,MOF306_MACO,MOF394_Pressure,MOF394_MACO,MOF437_Pressure,MOF437_MACO,MOF513_Pressure,MOF513_MACO,MOF514_Pressure,MOF514_MACO,MOF642_Pressure,MOF642_MACO,MOF707_Pressure,MOF707_MACO,MOF821_Pressure,MOF821_MACO,MOF853_Pressure,MOF853_MACO,MOF928_Pressure,MOF928_MACO,MOF1118_Pressure,MOF1118_MACO,MOF1216_Pressure,MOF1216_MACO,MOF1333_Pressure,MOF1333_MACO,MOF1399_Pressure,MOF1399_MACO,MOF1408_Pressure,MOF1408_MACO,MOF1409_Pressure,MOF1409_MACO,MOF1488_Pressure,MOF1488_MACO,MOF1698_Pressure,MOF1698_MACO,MOF1737_Pressure,MOF1737_MACO,MOF1859_Pressure,MOF1859_MACO,MOF1910_Pressure,MOF1910_MACO,MOF1911_Pressure,MOF1911_MACO,MOF1959_Pressure,MOF1959_MACO,MOF1985_Pressure,MOF1985_MACO,MOF2049_Pressure,MOF2049_MACO,MOF2305_Pressure,MOF2305_MACO,MOF2306_Pressure,MOF2306_MACO,MOF2307_Pressure,MOF2307_MACO,MOF2325_Pressure,MOF2325_MACO,MOF2378_Pressure,MOF2378_MACO,MOF2383_Pressure,MOF2383_MACO,MOF2790_Pressure,MOF2790_MACO,MOF2816_Pressure,MOF2816_MACO,MOF2818_Pressure,MOF2818_MACO,MOF2821_Pressure,MOF2821_MACO,MOF2917_Pressure,MOF2917_MACO,MOF2984_Pressure,MOF2984_MACO,MOF3112_Pressure,MOF3112_MACO,MOF3226_Pressure,MOF3226_MACO,MOF3446_Pressure,MOF3446_MACO,MOF3447_Pressure,MOF3447_MACO,MOF3449_Pressure,MOF3449_MACO,MOF3525_Pressure,MOF3525_MACO,MOF3708_Pressure,MOF3708_MACO,MOF3709_Pressure,MOF3709_MACO,MOF3767_Pressure,MOF3767_MACO,MOF3887_Pressure,MOF3887_MACO,MOF4030_Pressure,MOF4030_MACO,MOF4067_Pressure,MOF4067_MACO,MOF4109_Pressure,MOF4109_MACO,MOF4121_Pressure,MOF4121_MACO,MOF4122_Pressure,MOF4122_MACO,MOF4123_Pressure,MOF4123_MACO,MOF4157_Pressure,MOF4157_MACO,MOF4158_Pressure,MOF4158_MACO,MOF4171_Pressure,MOF4171_MACO,MOF4461_Pressure,MOF4461_MACO,MOF4604_Pressure,MOF4604_MACO,MOF4620_Pressure,MOF4620_MACO,MOF4669_Pressure,MOF4669_MACO,MOF4730_Pressure,MOF4730_MACO,MOF4828_Pressure,MOF4828_MACO,MOF4853_Pressure,MOF4853_MACO,MOF4877_Pressure,MOF4877_MACO,MOF077_Pressure,MOF077_MACO,MOF172_Pressure,MOF172_MACO,MOF641_Pressure,MOF641_MACO,MOF1053_Pressure,MOF1053_MACO,MOF1515_Pressure,MOF1515_MACO,MOF1688_Pressure,MOF1688_MACO,MOF1819_Pressure,MOF1819_MACO,MOF1858_Pressure,MOF1858_MACO,MOF1906_Pressure,MOF1906_MACO,MOF1919_Pressure,MOF1919_MACO,MOF2174_Pressure,MOF2174_MACO,MOF2326_Pressure,MOF2326_MACO,MOF2335_Pressure,MOF2335_MACO,MOF2406_Pressure,MOF2406_MACO,MOF2675_Pressure,MOF2675_MACO,MOF2814_Pressure,MOF2814_MACO,MOF2815_Pressure,MOF2815_MACO,MOF2855_Pressure,MOF2855_MACO,MOF2967_Pressure,MOF2967_MACO,MOF3663_Pressure,MOF3663_MACO,MOF3803_Pressure,MOF3803_MACO,MOF4029_Pressure,MOF4029_MACO,MOF4119_Pressure,MOF4119_MACO,MOF4185_Pressure,MOF4185_MACO,MOF4245_Pressure,MOF4245_MACO,MOF4283_Pressure,MOF4283_MACO,MOF4630_Pressure,MOF4630_MACO,MOF4672_Pressure,MOF4672_MACO,MOF041_Pressure,MOF041_MACO,MOF046_Pressure,MOF046_MACO,MOF107_Pressure,MOF107_MACO,MOF499_Pressure,MOF499_MACO,MOF643_Pressure,MOF643_MACO,MOF695_Pressure,MOF695_MACO,MOF1132_Pressure,MOF1132_MACO,MOF1211_Pressure,MOF1211_MACO,MOF1284_Pressure,MOF1284_MACO,MOF1482_Pressure,MOF1482_MACO,MOF1635_Pressure,MOF1635_MACO,MOF1920_Pressure,MOF1920_MACO,MOF2324_Pressure,MOF2324_MACO,MOF2328_Pressure,MOF2328_MACO,MOF2722_Pressure,MOF2722_MACO,MOF2865_Pressure,MOF2865_MACO,MOF3012_Pressure,MOF3012_MACO,MOF3059_Pressure,MOF3059_MACO,MOF3095_Pressure,MOF3095_MACO,MOF3711_Pressure,MOF3711_MACO,MOF3806_Pressure,MOF3806_MACO,MOF4085_Pressure,MOF4085_MACO,MOF4110_Pressure,MOF4110_MACO,MOF4624_Pressure,MOF4624_MACO
0,4,-1393.601677,4,-683.5514777,4,-537.4187471,4,-338.6901862,4,-343.0893715,4,-292.6828473,4,-257.5874187,4,-342.2097927,4,-432.9478371,4,-336.5353544,4,-263.5442439,4,-259.3569079,4,-390.2946027,4,-340.756037,4,-250.8043662,4,-733.6983198,4,-275.3089973,4,-413.7678621,4,-360.2717834,4,-365.8326983,4,-2530.059764,4,-273.0604527,4,-272.8586057,4,-392.9626053,4,-287.7406724,4,-266.0527969,4,-723.417933,4,-348.3120856,4,-243.1825913,4,-318.7985686,4,-278.8075548,4,-301.6351195,4,-352.9592809,4,-362.4688713,4,-439.932774,4,-294.9143356,4,-246.1870535,4,-299.6515368,4,-447.2442638,4,-276.6820811,4,-293.5142663,4,-382.7631654,4,-340.6879753,4,-285.145983,4,-301.592544,4,-621.3675913,4,-292.2846721,4,-256.786026,4,-297.4644065,4,-273.4170851,4,-315.2425218,4,-265.2482817,4,-258.1765713,4,-335.4883718,4,-286.2923155,4,-294.7882792,4,-306.1739578,4,-294.5688257,4,-298.9841672,4,-310.0531989,4,-642.7376877,4,-322.2743627,4,-254.9057895,4,-333.8407179,4,-296.0650224,4,-242.5186844,4,-579.6305929,4,-532.2600625,4,-302.5759545,4,-259.7246429,4,-188.0664909,4,-220.938206,4,-230.4729925,4,-242.0245785,4,-224.1394005,4,-295.7098511,4,-245.4003331,4,-416.0423642,4,-241.117245,4,-329.4864843,4,-235.878441,4,-244.3526528,4,-220.787413,4,-218.6203524,4,-217.0406183,4,-330.9633052,4,-219.9164005,4,-262.9642084,4,-236.0938054,4,-262.4337024,4,-316.0786285,4,-354.5352107,4,-324.2196049,4,-260.8166343,4,-246.8631143,4,-246.131142,4,-626.1655875,4,-263.8308225,4,-494.4865169,4,-267.0437243,4,-38.05491032,4,-247.5420007,4,-246.8313396,4,-305.2760901,4,-221.2316754,4,-327.8483063,4,-310.2680948,4,-353.2570716,4,-323.8340412,4,-330.533271,4,-351.7089891,4,-234.9323227,4,-461.4698094,4,-326.557991,4,-254.497347,4,-224.3567732,4,-615.2772499,4,-243.1554527,4,-326.9089434,4,-524.6031095
1,4.842105263,-1550.209395,4.842105263,-776.7998185,4.842105263,-587.2103867,4.842105263,-360.4179427,4.842105263,-363.7844006,4.842105263,-319.4984267,4.842105263,-288.1307297,4.842105263,-358.0129843,4.842105263,-448.1565138,4.842105263,-362.2446214,4.842105263,-297.9264206,4.842105263,-293.8387188,4.842105263,-404.9957873,4.842105263,-393.0059207,4.842105263,-289.6962725,4.842105263,-905.368553,4.842105263,-305.3738122,4.842105263,-427.6710361,4.842105263,-375.8282267,4.842105263,-382.1382329,4.842105263,-2680.482958,4.842105263,-309.862977,4.842105263,-302.8106043,4.842105263,-428.6906284,4.842105263,-311.4771136,4.842105263,-298.9965105,4.842105263,-775.5053901,4.842105263,-367.8819474,4.842105263,-293.903801,4.842105263,-332.0032047,4.842105263,-303.1451105,4.842105263,-327.9736659,4.842105263,-392.2865937,4.842105263,-416.9537499,4.842105263,-469.1931139,4.842105263,-319.0141281,4.842105263,-286.3800496,4.842105263,-338.7112957,4.842105263,-482.8316942,4.842105263,-307.997761,4.842105263,-321.7738207,4.842105263,-395.5817364,4.842105263,-368.7173213,4.842105263,-309.0290909,4.842105263,-321.7058612,4.842105263,-659.3823705,4.842105263,-305.9921529,4.842105263,-288.1624958,4.842105263,-333.1468114,4.842105263,-297.4399516,4.842105263,-334.8235489,4.842105263,-288.3808155,4.842105263,-286.5438536,4.842105263,-380.970138,4.842105263,-311.226087,4.842105263,-319.0365088,4.842105263,-329.9822906,4.842105263,-316.9759504,4.842105263,-317.3972486,4.842105263,-338.8627913,4.842105263,-682.665341,4.842105263,-349.038092,4.842105263,-286.7732995,4.842105263,-389.5232447,4.842105263,-321.8798783,4.842105263,-281.7222353,4.842105263,-573.8947025,4.842105263,-619.1947865,4.842105263,-341.8133831,4.842105263,-284.8031338,4.842105263,-271.0830752,4.842105263,-269.4520816,4.842105263,-272.4557431,4.842105263,-274.6592237,4.842105263,-266.8140211,4.842105263,-358.6200746,4.842105263,-276.9575145,4.842105263,-457.4730739,4.842105263,-276.8538896,4.842105263,-373.1768029,4.842105263,-274.1154546,4.842105263,-277.6539722,4.842105263,-269.2752599,4.842105263,-258.4821564,4.842105263,-262.8202647,4.842105263,-390.9030128,4.842105263,-269.3970093,4.842105263,-286.3954987,4.842105263,-272.7923081,4.842105263,-286.4317062,4.842105263,-370.0991667,4.842105263,-397.4228606,4.842105263,-368.6373383,4.842105263,-306.0934189,4.842105263,-277.1646745,4.842105263,-274.7498752,4.842105263,-673.4531318,4.842105263,-303.4139125,4.842105263,-535.1761014,4.842105263,-312.6293658,4.842105263,-198.443284,4.842105263,-292.0595084,4.842105263,-292.0609223,4.842105263,-353.0891926,4.842105263,-263.4120887,4.842105263,-371.2928631,4.842105263,-354.6121908,4.842105263,-413.8941222,4.842105263,-367.912516,4.842105263,-373.4163787,4.842105263,-391.0473311,4.842105263,-270.3216557,4.842105263,-496.2131658,4.842105263,-368.9353229,4.842105263,-294.5669973,4.842105263,-271.4350393,4.842105263,-672.6553297,4.842105263,-281.7587354,4.842105263,-369.7682419,4.842105263,-566.4905586
2,5.684210526,-1621.628932,5.684210526,-822.3359226,5.684210526,-610.775351,5.684210526,-367.8410317,5.684210526,-370.5822335,5.684210526,-331.2100432,5.684210526,-302.4511499,5.684210526,-362.6652976,5.684210526,-452.0750282,5.684210526,-372.2172519,5.684210526,-314.5801811,5.684210526,-310.324077,5.684210526,-408.5971963,5.684210526,-419.4277358,5.684210526,-309.1783727,5.684210526,-999.7636536,5.684210526,-318.7222033,5.684210526,-431.3053612,5.684210526,-380.2030899,5.684210526,-386.6631362,5.684210526,-2732.104433,5.684210526,-327.4597368,5.684210526,-316.3841912,5.684210526,-442.686785,5.684210526,-321.4576096,5.684210526,-313.309025,5.684210526,-797.9681115,5.684210526,-375.0401116,5.684210526,-320.7189113,5.684210526,-336.1202731,5.684210526,-312.8595049,5.684210526,-338.5205348,5.684210526,-410.12974,5.684210526,-444.2190649,5.684210526,-480.3559535,5.684210526,-328.9460191,5.684210526,-306.5721074,5.684210526,-357.3495904,5.684210526,-496.7830335,5.684210526,-322.2342875,5.684210526,-334.4371186,5.684210526,-398.4023397,5.684210526,-379.9995066,5.684210526,-318.8111312,5.684210526,-329.4370304,5.684210526,-672.4918107,5.684210526,-310.319323,5.684210526,-303.3611298,5.684210526,-349.6818982,5.684210526,-307.5481708,5.684210526,-342.1796071,5.684210526,-298.3647245,5.684210526,-299.4730275,5.684210526,-402.8885684,5.684210526,-321.4713739,5.684210526,-328.7557986,5.684210526,-339.5799568,5.684210526,-325.619788,5.684210526,-323.5586014,5.684210526,-351.3177551,5.684210526,-697.4132061,5.684210526,-360.1810968,5.684210526,-302.3347569,5.684210526,-417.6302327,5.684210526,-332.9272321,5.684210526,-301.1956915,5.684210526,-568.8339841,5.684210526,-663.4119502,5.684210526,-360.5357087,5.684210526,-295.8689596,5.684210526,-314.1122967,5.684210526,-295.660821,5.684210526,-294.1093126,5.684210526,-290.4829281,5.684210526,-289.0890121,5.684210526,-392.3463946,5.684210526,-292.0077733,5.684210526,-477.226788,5.684210526,-294.3290086,5.684210526,-393.8471129,5.684210526,-293.2914858,5.684210526,-293.9556917,5.684210526,-295.3204967,5.684210526,-278.9985771,5.684210526,-286.9909244,5.684210526,-422.1676362,5.684210526,-296.5497716,5.684210526,-296.5773716,5.684210526,-290.9700135,5.684210526,-296.963183,5.684210526,-397.8325065,5.684210526,-417.029951,5.684210526,-390.090721,5.684210526,-329.1499128,5.684210526,-291.1758744,5.684210526,-288.1308519,5.684210526,-691.9479573,5.684210526,-322.4233057,5.684210526,-552.5681326,5.684210526,-335.6639878,5.684210526,-288.1704662,5.684210526,-314.8553556,5.684210526,-315.3170186,5.684210526,-377.7501695,5.684210526,-285.3785414,5.684210526,-391.4767443,5.684210526,-376.0162563,5.684210526,-444.6699989,5.684210526,-388.7659047,5.684210526,-393.3505205,5.684210526,-408.4695892,5.684210526,-287.7433706,5.684210526,-510.3149132,5.684210526,-388.6922551,5.684210526,-314.4498392,5.684210526,-296.4386743,5.684210526,-698.6869468,5.684210526,-301.1252902,5.684210526,-389.7335209,5.684210526,-584.0155825
3,6.526315789,-1658.149824,6.526315789,-847.0624504,6.526315789,-623.1929897,6.526315789,-370.0289605,6.526315789,-372.5116042,6.526315789,-337.0159596,6.526315789,-309.8984394,6.526315789,-363.2562688,6.526315789,-452.2390892,6.526315789,-376.1847995,6.526315789,-323.4523367,6.526315789,-319.2217962,6.526315789,-408.6107288,6.526315789,-434.2540601,6.526315789,-319.9756561,6.526315789,-1056.05325,6.526315789,-324.9994768,6.526315789,-431.7322696,6.526315789,-380.7179187,6.526315789,-387.2668503,6.526315789,-2746.659043,6.526315789,-336.9807643,6.526315789,-323.3315847,6.526315789,-448.1010207,6.526315789,-326.2134703,6.526315789,-320.1029175,6.526315789,-808.4035986,6.526315789,-377.7815066,6.526315789,-336.3152073,6.526315789,-337.0947727,6.526315789,-316.8358685,6.526315789,-342.8115432,6.526315789,-419.1154957,6.526315789,-459.5294618,6.526315789,-484.5781327,6.526315789,-333.2866232,6.526315789,-317.7646875,6.526315789,-367.1770707,6.526315789,-502.1947189,6.526315789,-329.3177168,6.526315789,-340.9365345,6.526315789,-397.8428322,6.526315789,-384.7345803,6.526315789,-323.1549047,6.526315789,-332.5430213,6.526315789,-676.3590656,6.526315789,-311.3292073,6.526315789,-311.6370717,6.526315789,-358.2468224,6.526315789,-311.9020887,6.526315789,-344.9264389,6.526315789,-303.2461805,6.526315789,-306.1979318,6.526315789,-414.4815827,6.526315789,-325.742468,6.526315789,-332.8213829,6.526315789,-343.5725031,6.526315789,-329.2716636,6.526315789,-325.2166592,6.526315789,-357.4212519,6.526315789,-702.5736578,6.526315789,-365.2440716,6.526315789,-310.891353,6.526315789,-433.3793478,6.526315789,-338.2249046,6.526315789,-311.9101929,6.526315789,-564.2812337,6.526315789,-688.4685909,6.526315789,-370.2071014,6.526315789,-301.3264484,6.526315789,-336.7313544,6.526315789,-311.3050239,6.526315789,-306.5237892,6.526315789,-299.0857392,6.526315789,-301.9238572,6.526315789,-412.1849232,6.526315789,-300.1504704,6.526315789,-487.8044901,6.526315789,-303.9164802,6.526315789,-404.5215579,6.526315789,-304.0454096,6.526315789,-302.7129212,6.526315789,-310.5612152,6.526315789,-290.7199734,6.526315789,-300.939321,6.526315789,-440.4058391,6.526315789,-312.8422656,6.526315789,-301.5637684,6.526315789,-300.8583416,6.526315789,-302.0692972,6.526315789,-413.6409945,6.526315789,-426.6052454,6.526315789,-401.2618747,6.526315789,-342.2136912,6.526315789,-298.3940172,6.526315789,-295.1553096,6.526315789,-699.2260704,6.526315789,-332.4090293,6.526315789,-560.5261907,6.526315789,-348.4851177,6.526315789,-334.8847797,6.526315789,-327.6082434,6.526315789,-328.6392103,6.526315789,-391.8004493,6.526315789,-297.9649216,6.526315789,-401.7234028,6.526315789,-387.3116822,6.526315789,-461.7323801,6.526315789,-399.4569916,6.526315789,-403.476937,6.526315789,-416.2813936,6.526315789,-297.1546873,6.526315789,-515.8088325,6.526315789,-398.4740054,6.526315789,-325.2918044,6.526315789,-311.1512252,6.526315789,-711.8142269,6.526315789,-312.0054758,6.526315789,-399.9156639,6.526315789,-591.693345
4,7.368421053,-1676.782876,7.368421053,-861.2166856,7.368421053,-630.6421324,7.368421053,-369.9563314,7.368421053,-372.0881295,7.368421053,-340.0550059,7.368421053,-314.2208447,7.368421053,-362.2747857,7.368421053,-450.9658013,7.368421053,-377.5547222,7.368421053,-328.5965736,7.368421053,-324.1739053,7.368421053,-406.899496,7.368421053,-443.2766474,7.368421053,-326.5154381,7.368421053,-1091.535441,7.368421053,-328.1214084,7.368421053,-430.8825095,7.368421053,-379.4597818,7.368421053,-386.0730942,7.368421053,-2744.575873,7.368421053,-342.4088912,7.368421053,-326.9750974,7.368421053,-449.4827155,7.368421053,-328.3292622,7.368421053,-323.2502113,7.368421053,-813.4678842,7.368421053,-378.6491693,7.368421053,-346.1578745,7.368421053,-336.7359163,7.368421053,-318.1530692,7.368421053,-344.2659736,7.368421053,-423.7541493,7.368421053,-468.5106227,7.368421053,-485.6045731,7.368421053,-334.9378929,7.368421053,-324.5374294,7.368421053,-372.7594784,7.368421053,-503.3966522,7.368421053,-332.9367082,7.368421053,-344.2110017,7.368421053,-396.0368658,7.368421053,-386.4908913,7.368421053,-325.0635735,7.368421053,-333.814906,7.368421053,-675.5846261,7.368421053,-310.9712524,7.368421053,-316.4464432,7.368421053,-363.1291355,7.368421053,-313.6671415,7.368421053,-345.5535767,7.368421053,-305.6949251,7.368421053,-309.9586348,7.368421053,-420.9162931,7.368421053,-327.4120166,7.368421053,-334.3024259,7.368421053,-345.0421747,7.368421053,-330.532602,7.368421053,-324.9382431,7.368421053,-360.36751,7.368421053,-703.303674,7.368421053,-367.4411036,7.368421053,-315.8268681,7.368421053,-442.8819637,7.368421053,-340.8422298,7.368421053,-318.3528982,7.368421053,-560.1337821,7.368421053,-703.7059833,7.368421053,-375.4909749,7.368421053,-304.2499761,7.368421053,-348.9549066,7.368421053,-321.0640465,7.368421053,-314.2180134,7.368421053,-304.0818788,7.368421053,-309.7682682,7.368421053,-424.6568935,7.368421053,-304.8914216,7.368421053,-493.7683617,7.368421053,-309.5069852,7.368421053,-410.046302,7.368421053,-310.5198061,7.368421053,-307.8703714,7.368421053,-320.2693593,7.368421053,-297.9301508,7.368421053,-309.6729428,7.368421053,-451.5576656,7.368421053,-323.4094623,7.368421053,-304.1248945,7.368421053,-306.7528125,7.368421053,-304.7530827,7.368421053,-423.1123165,7.368421053,-431.1506701,7.368421053,-407.3061212,7.368421053,-350.2638412,7.368421053,-302.2381603,7.368421053,-299.0070281,7.368421053,-700.9062843,7.368421053,-337.965226,7.368421053,-563.7748719,7.368421053,-356.1700024,7.368421053,-357.6678493,7.368421053,-335.4594402,7.368421053,-336.8284547,7.368421053,-400.331684,7.368421053,-305.700079,7.368421053,-406.9220352,7.368421053,-393.4176033,7.368421053,-471.7164999,7.368421053,-405.1562108,7.368421053,-408.7742176,7.368421053,-419.6594239,7.368421053,-302.4894068,7.368421053,-517.4011862,7.368421053,-403.4282915,7.368421053,-331.6376927,7.368421053,-320.4170323,7.368421053,-718.4935313,7.368421053,-318.3923293,7.368421053,-405.1274394,7.368421053,-594.6871301
5,8.210526316,-1686.381232,8.210526316,-869.5927441,8.210526316,-634.7501823,8.210526316,-368.6959054,8.210526316,-370.6565534,8.210526316,-341.5855571,8.210526316,-316.6243936,8.210526316,-360.431171,8.210526316,-448.9437329,8.210526316,-377.5450657,8.210526316,-331.5036736,8.210526316,-327.0825215,8.210526316,-404.5409091,8.210526316,-448.8914434,8.210526316,-330.4972733,8.210526316,-1114.921095,8.210526316,-329.5893128,8.210526316,-429.2894879,8.210526316,-377.4166114,8.210526316,-384.0860398,8.210526316,-2732.659891,8.210526316,-345.6673173,8.210526316,-329.0024888,8.210526316,-448.6857118,8.210526316,-329.1407689,8.210526316,-324.5223226,8.210526316,-815.931873,8.210526316,-378.5205758,8.210526316,-352.4077579,8.210526316,-335.84831,8.210526316,-317.9121092,8.210526316,-344.1785593,8.210526316,-426.0993231,8.210526316,-474.2189697,8.210526316,-485.2935148,8.210526316,-335.246337,8.210526316,-328.6581929,8.210526316,-375.9092318,8.210526316,-502.530247,8.210526316,-334.8382009,8.210526316,-345.9476878,8.210526316,-393.6296838,8.210526316,-386.6000515,8.210526316,-325.6922176,8.210526316,-333.9353755,8.210526316,-672.6121875,8.210526316,-309.9224999,8.210526316,-319.3079646,8.210526316,-365.8694523,8.210526316,-313.8793074,8.210526316,-345.3544132,8.210526316,-306.8042971,8.210526316,-312.0348078,8.210526316,-424.6099879,8.210526316,-327.5273434,8.210526316,-334.2029808,8.210526316,-345.2460964,8.210526316,-330.709815,8.210526316,-323.63149,8.210526316,-361.5702853,8.210526316,-701.8201249,8.210526316,-368.1113381,8.210526316,-318.8440463,8.210526316,-448.7715166,8.210526316,-342.0926791,8.210526316,-322.3004384,8.210526316,-556.3095828,8.210526316,-713.2419462,8.210526316,-378.2935373,8.210526316,-305.7557526,8.210526316,-355.8021612,8.210526316,-327.571756,8.210526316,-319.0562624,8.210526316,-307.0672596,8.210526316,-314.910804,8.210526316,-432.8615126,8.210526316,-307.7791409,8.210526316,-497.2032272,8.210526316,-312.826851,8.210526316,-412.8428182,8.210526316,-314.4943252,8.210526316,-311.0658082,8.210526316,-326.6417586,8.210526316,-302.5723698,8.210526316,-315.3019466,8.210526316,-458.8957619,8.210526316,-330.5195844,8.210526316,-305.349966,8.210526316,-310.3535082,8.210526316,-306.1058404,8.210526316,-429.1719227,8.210526316,-432.853388,8.210526316,-410.6341131,8.210526316,-355.216912,8.210526316,-304.3040703,8.210526316,-300.9636334,8.210526316,-699.9317603,8.210526316,-340.9034114,8.210526316,-564.6676301,8.210526316,-360.8398977,8.210526316,-368.1873915,8.210526316,-340.3037953,8.210526316,-342.0761742,8.210526316,-405.9681367,8.210526316,-310.7339218,8.210526316,-409.2074939,8.210526316,-396.709918,8.210526316,-477.8068338,8.210526316,-407.9735028,8.210526316,-411.1904413,8.210526316,-420.4033142,8.210526316,-305.7076645,8.210526316,-517.0459064,8.210526316,-405.5021338,8.210526316,-335.3911325,8.210526316,-326.6270729,8.210526316,-721.5268343,8.210526316,-322.2934236,8.210526316,-407.6231464,8.210526316,-595.2372106
6,9.052631579,-1690.3253,9.052631579,-874.3285966,9.052631579,-637.2914206,9.052631579,-366.8561604,9.052631579,-368.5956849,9.052631579,-342.2017221,9.052631579,-317.942009,9.052631579,-358.110708,9.052631579,-446.6235444,9.052631579,-376.6550109,9.052631579,-333.2314979,9.052631579,-328.7668288,9.052631579,-401.8521579,9.052631579,-452.3980257,9.052631579,-333.0717368,9.052631579,-1130.372759,9.052631579,-329.9008287,9.052631579,-427.5132039,9.052631579,-374.9901268,9.052631579,-381.5891945,9.052631579,-2715.627197,9.052631579,-347.4961749,9.052631579,-329.9548636,9.052631579,-446.6954987,9.052631579,-329.2858024,9.052631579,-324.7136504,9.052631579,-816.3083891,9.052631579,-377.9255528,9.052631579,-356.6542956,9.052631579,-334.656379,9.052631579,-317.0042034,9.052631579,-343.1461224,9.052631579,-426.9066817,9.052631579,-477.69061,9.052631579,-483.9095441,9.052631579,-334.8927554,9.052631579,-331.3137058,9.052631579,-377.786324,9.052631579,-500.4408605,9.052631579,-335.6539556,9.052631579,-346.7174353,9.052631579,-390.919152,9.052631579,-385.8771035,9.052631579,-325.6169081,9.052631579,-333.5268502,9.052631579,-668.3680384,9.052631579,-308.5932449,9.052631579,-321.113334,9.052631579,-367.3276759,9.052631579,-313.3164466,9.052631579,-344.511737,9.052631579,-307.180504,9.052631579,-313.1413671,9.052631579,-426.6364287,9.052631579,-326.804563,9.052631579,-333.4547214,9.052631579,-344.6423785,9.052631579,-330.2583784,9.052631579,-321.7506555,9.052631579,-361.9839643,9.052631579,-698.8108718,9.052631579,-367.9521688,9.052631579,-320.7076486,9.052631579,-452.4569424,9.052631579,-342.425273,9.052631579,-324.7642758,9.052631579,-552.7593401,9.052631579,-719.4111864,9.052631579,-379.5891394,9.052631579,-306.428457,9.052631579,-359.3614397,9.052631579,-331.9719099,9.052631579,-322.2753788,9.052631579,-308.912963,9.052631579,-318.3388831,9.052631579,-438.5056763,9.052631579,-309.4548973,9.052631579,-499.2040782,9.052631579,-314.8543001,9.052631579,-413.9867426,9.052631579,-317.0876915,9.052631579,-312.9742213,9.052631579,-330.9678884,9.052631579,-305.5787375,9.052631579,-319.1805434,9.052631579,-463.6504499,9.052631579,-335.3864845,9.052631579,-305.8431764,9.052631579,-312.6292941,9.052631579,-306.5314238,9.052631579,-432.9738474,9.052631579,-433.1516537,9.052631579,-412.162552,9.052631579,-358.5483225,9.052631579,-305.3968136,9.052631579,-302.0229381,9.052631579,-697.052426,9.052631579,-342.503646,9.052631579,-564.0206945,9.052631579,-363.7354238,9.052631579,-372.6337346,9.052631579,-343.3284784,9.052631579,-345.4533572,9.052631579,-409.5043162,9.052631579,-314.0489401,9.052631579,-409.8252781,9.052631579,-398.2414518,9.052631579,-481.1542221,9.052631579,-409.1414336,9.052631579,-411.9559808,9.052631579,-419.6046948,9.052631579,-307.4694921,9.052631579,-515.2901947,9.052631579,-406.0818721,9.052631579,-337.6709749,9.052631579,-330.7451659,9.052631579,-722.7985997,9.052631579,-324.8153545,9.052631579,-408.4732315,9.052631579,-594.4143977
7,9.894736842,-1691.336856,9.894736842,-876.884578,9.894736842,-638.9068027,9.894736842,-364.6309925,9.894736842,-366.3580754,9.894736842,-342.3953701,9.894736842,-318.6758413,9.894736842,-355.4849371,9.894736842,-444.0710033,9.894736842,-375.4120009,9.894736842,-334.1114182,9.894736842,-329.592209,9.894736842,-398.9094858,9.894736842,-454.7264018,9.894736842,-334.7422409,9.894736842,-1140.640797,9.894736842,-329.6092925,9.894736842,-425.6224311,9.894736842,-372.3608239,9.894736842,-378.8900134,9.894736842,-2696.218232,9.894736842,-348.5243286,9.894736842,-330.3735095,9.894736842,-443.9284764,9.894736842,-328.8470339,9.894736842,-324.2626092,9.894736842,-815.9243608,9.894736842,-377.058865,9.894736842,-359.5439371,9.894736842,-333.3043716,9.894736842,-315.4584024,9.894736842,-341.6716187,9.894736842,-426.7608479,9.894736842,-479.919188,9.894736842,-482.0333056,9.894736842,-334.0085048,9.894736842,-333.0769701,9.894736842,-378.6833772,9.894736842,-497.6141088,9.894736842,-335.8285938,9.894736842,-346.8499062,9.894736842,-387.9738682,9.894736842,-384.6289093,9.894736842,-325.139941,9.894736842,-332.7137552,9.894736842,-663.2886298,9.894736842,-306.9266343,9.894736842,-322.071132,9.894736842,-368.0964297,9.894736842,-312.2913832,9.894736842,-343.3215723,9.894736842,-307.1500503,9.894736842,-313.5730191,9.894736842,-427.4314124,9.894736842,-325.6277708,9.894736842,-332.18594,9.894736842,-343.6085883,9.894736842,-329.4668451,9.894736842,-319.5922991,9.894736842,-361.8591356,9.894736842,-695.2149157,9.894736842,-367.2933503,9.894736842,-321.8373051,9.894736842,-454.8374904,9.894736842,-342.4181643,9.894736842,-326.1811332,9.894736842,-549.4356023,9.894736842,-723.2160159,9.894736842,-379.9083145,9.894736842,-306.5490127,9.894736842,-361.3049745,9.894736842,-334.8781582,9.894736842,-324.3812562,9.894736842,-310.0394848,9.894736842,-320.6714191,9.894736842,-442.3450447,9.894736842,-310.330334,9.894736842,-500.2998455,9.894736842,-316.0285415,9.894736842,-414.2141773,9.894736842,-318.630254,9.894736842,-314.1205849,9.894736842,-333.9890424,9.894736842,-307.6150215,9.894736842,-321.7943,9.894736842,-466.9819305,9.894736842,-338.7788082,9.894736842,-305.8303083,9.894736842,-313.9977721,9.894736842,-306.6593434,9.894736842,-435.460757,9.894736842,-432.3313045,9.894736842,-412.628056,9.894736842,-360.5426439,9.894736842,-305.7079073,9.894736842,-302.2737103,9.894736842,-693.2791091,9.894736842,-343.0103312,9.894736842,-562.6400294,9.894736842,-365.556443,9.894736842,-373.6976945,9.894736842,-345.3331913,9.894736842,-347.6395697,9.894736842,-412.0067405,9.894736842,-316.2715627,9.894736842,-409.367007,9.894736842,-398.7339936,9.894736842,-483.2079958,9.894736842,-409.243606,9.894736842,-411.8084843,9.894736842,-417.8590026,9.894736842,-308.4665475,9.894736842,-512.8751951,9.894736842,-405.5952567,9.894736842,-338.9807357,9.894736842,-333.683738,9.894736842,-722.5424813,9.894736842,-326.3381014,9.894736842,-408.2611949,9.894736842,-592.840604
8,10.73684211,-1354.056931,10.73684211,-702.2948606,10.73684211,-509.1613951,10.73684211,-289.1995196,10.73684211,-290.3952611,10.73684211,-276.973557,10.73684211,-258.0633369,10.73684211,-281.8437865,10.73684211,-357.1505282,10.73684211,-299.4800708,10.73684211,-265.9267769,10.73684211,-261.2989448,10.73684211,-317.4476967,10.73684211,-364.5282037,10.73684211,-267.8854717,10.73684211,-929.4443753,10.73684211,-260.7349387,10.73684211,-344.6218774,10.73684211,-295.6068989,10.73684211,-300.7987743,10.73684211,-2091.677966,10.73684211,-279.9042781,10.73684211,-264.7647049,10.73684211,-344.5802213,10.73684211,-262.1628134,10.73684211,-257.7525271,10.73684211,-650.44801,10.73684211,-306.5939056,10.73684211,-290.0374006,10.73684211,-269.456264,10.73684211,-248.6262786,10.73684211,-269.9214148,10.73684211,-337.4707684,10.73684211,-383.4706932,10.73684211,-385.4332909,10.73684211,-264.1429449,10.73684211,-268.0782744,10.73684211,-304.268341,10.73684211,-389.3882248,10.73684211,-267.3703463,10.73684211,-276.6630787,10.73684211,-309.3467278,10.73684211,-303.8850216,10.73684211,-260.2837453,10.73684211,-267.7548124,10.73684211,-512.9582442,10.73684211,-245.8825856,10.73684211,-257.446998,10.73684211,-297.1404533,10.73684211,-243.5479583,10.73684211,-275.5504222,10.73684211,-246.5966281,10.73684211,-253.6106352,10.73684211,-338.701777,10.73684211,-255.6740119,10.73684211,-260.6195724,10.73684211,-271.8178434,10.73684211,-264.6173678,10.73684211,-252.4674204,10.73684211,-288.3227238,10.73684211,-544.0312145,10.73684211,-293.7510214,10.73684211,-259.0176789,10.73684211,-368.8249638,10.73684211,-276.0497821,10.73684211,-264.0102308,10.73684211,-449.3609414,10.73684211,-580.7715495,10.73684211,-298.7551827,10.73684211,-247.9667814,10.73684211,-285.6620059,10.73684211,-270.5992416,10.73684211,-256.967334,10.73684211,-249.0957488,10.73684211,-255.0275488,10.73684211,-353.0880112,10.73684211,-250.1395451,10.73684211,-394.5201378,10.73684211,-251.6980865,10.73684211,-324.7061786,10.73684211,-257.1334342,10.73684211,-251.7588931,10.73684211,-268.518406,10.73684211,-246.6194048,10.73684211,-257.9343362,10.73684211,-374.2635336,10.73684211,-272.4000641,10.73684211,-245.5855798,10.73684211,-253.9735695,10.73684211,-245.9690628,10.73684211,-345.9998473,10.73684211,-337.4494747,10.73684211,-324.1475383,10.73684211,-286.5475919,10.73684211,-243.3937976,10.73684211,-237.2252598,10.73684211,-533.8895342,10.73684211,-267.4553647,10.73684211,-437.6100994,10.73684211,-288.0739626,10.73684211,-293.4080495,10.73684211,-271.958635,10.73684211,-275.0417795,10.73684211,-325.7163109,10.73684211,-249.4818374,10.73684211,-318.5338272,10.73684211,-312.5412207,10.73684211,-379.5113514,10.73684211,-319.9535699,10.73684211,-321.83302,10.73684211,-323.9900507,10.73684211,-242.5234136,10.73684211,-396.5645309,10.73684211,-315.5997388,10.73684211,-267.1948268,10.73684211,-265.1049378,10.73684211,-563.4219973,10.73684211,-256.5326072,10.73684211,-318.6591877,10.73684211,-461.0087204
9,11.57894737,-1351.138057,11.57894737,-702.7209871,11.57894737,-509.3166248,11.57894737,-286.6035023,11.57894737,-287.7357111,11.57894737,-276.540895,11.57894737,-258.0040949,11.57894737,-279.0644964,11.57894737,-354.5350135,11.57894737,-297.834363,11.57894737,-265.9776175,11.57894737,-261.2463657,11.57894737,-314.3999275,11.57894737,-365.3796717,11.57894737,-268.4950288,11.57894737,-933.4871437,11.57894737,-259.8646334,11.57894737,-342.6358354,11.57894737,-292.8062825,11.57894737,-297.9307532,11.57894737,-2068.934245,11.57894737,-279.9731682,11.57894737,-264.5277318,11.57894737,-341.1023513,11.57894737,-261.2584281,11.57894737,-256.6463324,11.57894737,-648.9715685,11.57894737,-305.451319,11.57894737,-291.2077661,11.57894737,-267.9709337,11.57894737,-246.6238417,11.57894737,-267.8467175,11.57894737,-336.3951382,11.57894737,-384.1398782,11.57894737,-383.2416874,11.57894737,-262.8094206,11.57894737,-268.7182003,11.57894737,-304.2715961,11.57894737,-385.8541957,11.57894737,-266.7965496,11.57894737,-276.1585427,11.57894737,-306.31253,11.57894737,-302.0574949,11.57894737,-259.290574,11.57894737,-266.6969336,11.57894737,-507.2994715,11.57894737,-244.1061112,11.57894737,-257.5479501,11.57894737,-296.9715995,11.57894737,-241.975418,11.57894737,-274.0262279,11.57894737,-246.1008911,11.57894737,-253.458071,11.57894737,-338.4594618,11.57894737,-253.999669,11.57894737,-258.8067237,11.57894737,-270.3146019,11.57894737,-263.3912309,11.57894737,-250.1376863,11.57894737,-287.5026454,11.57894737,-539.6161541,11.57894737,-292.4925798,11.57894737,-259.2872055,11.57894737,-369.6059708,11.57894737,-275.4201736,11.57894737,-264.4805832,11.57894737,-446.4041897,11.57894737,-582.2375339,11.57894737,-298.0041329,11.57894737,-247.622273,11.57894737,-285.7251976,11.57894737,-271.9027015,11.57894737,-257.8308498,11.57894737,-249.2720292,11.57894737,-256.1358588,11.57894737,-354.913856,11.57894737,-250.3076344,11.57894737,-394.4750374,11.57894737,-251.9152548,11.57894737,-323.6180621,11.57894737,-257.7245782,11.57894737,-251.9871207,11.57894737,-270.000044,11.57894737,-247.465208,11.57894737,-259.1669657,11.57894737,-375.5374932,11.57894737,-274.0693529,11.57894737,-245.108352,11.57894737,-254.3290633,11.57894737,-245.5425807,11.57894737,-346.8925434,11.57894737,-335.5691052,11.57894737,-323.4536925,11.57894737,-287.3274189,11.57894737,-243.0460147,11.57894737,-236.9051371,11.57894737,-529.2446848,11.57894737,-267.0430965,11.57894737,-435.2891631,11.57894737,-288.6920825,11.57894737,-291.6801671,11.57894737,-272.5643736,11.57894737,-275.9017596,11.57894737,-326.7124167,11.57894737,-250.3713937,11.57894737,-317.0605373,11.57894737,-311.9023696,11.57894737,-379.6230531,11.57894737,-318.898366,11.57894737,-320.5242166,11.57894737,-321.3452581,11.57894737,-242.5383532,11.57894737,-393.3090414,11.57894737,-313.9559448,11.57894737,-267.421589,11.57894737,-266.4755544,11.57894737,-561.8912097,11.57894737,-256.9231714,11.57894737,-317.443936,11.57894737,-458.4824143
10,12.42105263,-1347.237761,12.42105263,-702.312725,12.42105263,-508.9390855,12.42105263,-284.0776602,12.42105263,-285.0068448,12.42105263,-276.0237778,12.42105263,-257.6352162,12.42105263,-276.3381679,12.42105263,-351.9731008,12.42105263,-296.0438227,12.42105263,-265.7024883,12.42105263,-260.9682873,12.42105263,-311.2591219,12.42105263,-365.621295,12.42105263,-268.7390931,12.42105263,-936.3894054,12.42105263,-258.7194383,12.42105263,-340.6862689,12.42105263,-289.9345226,12.42105263,-294.9922179,12.42105263,-2046.276493,12.42105263,-279.7896436,12.42105263,-263.9878108,12.42105263,-337.4370318,12.42105263,-260.2588576,12.42105263,-255.3051595,12.42105263,-647.1756552,12.42105263,-304.2010041,12.42105263,-291.9951747,12.42105263,-266.5291136,12.42105263,-244.6066285,12.42105263,-265.758603,12.42105263,-335.1950739,12.42105263,-384.328046,12.42105263,-380.7740222,12.42105263,-261.3557474,12.42105263,-269.0083033,12.42105263,-304.008398,12.42105263,-382.1843844,12.42105263,-266.1572269,12.42105263,-275.5420202,12.42105263,-303.3162754,12.42105263,-300.2031049,12.42105263,-258.2220533,12.42105263,-265.5102721,12.42105263,-501.4184269,12.42105263,-242.3795734,12.42105263,-257.5273589,12.42105263,-296.6714146,12.42105263,-240.2122856,12.42105263,-272.5229734,12.42105263,-245.3704534,12.42105263,-253.0975727,12.42105263,-337.6620345,12.42105263,-252.1904864,12.42105263,-257.0022968,12.42105263,-268.8023888,12.42105263,-262.2220505,12.42105263,-247.6331499,12.42105263,-286.5603582,12.42105263,-535.2303337,12.42105263,-291.2610084,12.42105263,-259.322041,12.42105263,-369.7924734,12.42105263,-274.7496093,12.42105263,-264.6238313,12.42105263,-443.5984204,12.42105263,-582.9816657,12.42105263,-297.1619737,12.42105263,-247.1729504,12.42105263,-285.237291,12.42105263,-272.7387924,12.42105263,-258.3515832,12.42105263,-249.3344531,12.42105263,-256.6759,12.42105263,-356.0631361,12.42105263,-250.2603922,12.42105263,-394.19415,12.42105263,-251.9532252,12.42105263,-322.2855084,12.42105263,-257.8834814,12.42105263,-252.0036548,12.42105263,-270.8844477,12.42105263,-247.9736624,12.42105263,-259.9293269,12.42105263,-376.4824364,12.42105263,-275.3478343,12.42105263,-244.4952468,12.42105263,-254.4694198,12.42105263,-244.9844978,12.42105263,-347.3455208,12.42105263,-333.4322022,12.42105263,-322.3656077,12.42105263,-287.8636076,12.42105263,-242.54218,12.42105263,-236.2728727,12.42105263,-524.1085256,12.42105263,-266.3225498,12.42105263,-432.5620073,12.42105263,-288.813458,12.42105263,-289.237955,12.42105263,-272.8292029,12.42105263,-276.3977561,12.42105263,-327.2332324,12.42105263,-250.9279737,12.42105263,-315.1908415,12.42105263,-310.7340791,12.42105263,-379.2598173,12.42105263,-317.4504116,12.42105263,-318.9722567,12.42105263,-318.4413427,12.42105263,-242.2582558,12.42105263,-390.0741126,12.42105263,-311.9188189,12.42105263,-267.3232863,12.42105263,-267.4789431,12.42105263,-560.0776512,12.42105263,-256.9689506,12.42105263,-315.6850984,12.42105263,-455.5441609
11,13.26315789,-1342.835371,13.26315789,-701.3283108,13.26315789,-508.4484775,13.26315789,-281.449357,13.26315789,-282.2837319,13.26315789,-275.3002415,13.26315789,-257.2467352,13.26315789,-273.5247463,13.26315789,-349.3038314,13.26315789,-294.0778463,13.26315789,-265.2008714,13.26315789,-260.5465058,13.26315789,-308.2623817,13.26315789,-365.6935613,13.26315789,-268.7024542,13.26315789,-937.4309506,13.26315789,-257.59702,13.26315789,-338.7522779,13.26315789,-287.0909018,13.26315789,-292.084256,13.26315789,-2022.607042,13.26315789,-279.4388276,13.26315789,-263.325775,13.26315789,-333.6743424,13.26315789,-259.1497871,13.26315789,-253.8301355,13.26315789,-645.037207,13.26315789,-302.9404065,13.26315789,-292.5122697,13.26315789,-265.0110743,13.26315789,-242.4365569,13.26315789,-263.5089983,13.26315789,-333.7046698,13.26315789,-384.3411882,13.26315789,-378.3182241,13.26315789,-259.8635548,13.26315789,-269.0518023,13.26315789,-303.569161,13.26315789,-378.1789421,13.26315789,-265.2931735,13.26315789,-274.6842327,13.26315789,-300.4615955,13.26315789,-298.1574404,13.26315789,-257.1462072,13.26315789,-264.3768998,13.26315789,-495.5334139,13.26315789,-240.6829621,13.26315789,-257.2666289,13.26315789,-296.2295292,13.26315789,-238.4692397,13.26315789,-270.9178052,13.26315789,-244.6791351,13.26315789,-252.6192633,13.26315789,-336.8857913,13.26315789,-250.3330704,13.26315789,-255.1711568,13.26315789,-267.1310934,13.26315789,-260.9616627,13.26315789,-245.1298049,13.26315789,-285.5800775,13.26315789,-530.5997759,13.26315789,-289.9200685,13.26315789,-259.1145886,13.26315789,-369.8040573,13.26315789,-273.9037723,13.26315789,-264.4336744,13.26315789,-440.9241582,13.26315789,-582.9830083,13.26315789,-296.0717,13.26315789,-246.610054,13.26315789,-284.3220818,13.26315789,-273.2138783,13.26315789,-258.4928799,13.26315789,-249.1501509,13.26315789,-257.0707246,13.26315789,-356.8146565,13.26315789,-249.9902872,13.26315789,-393.6674055,13.26315789,-251.6602115,13.26315789,-320.6868951,13.26315789,-257.9144376,13.26315789,-251.8800854,13.26315789,-271.5087471,13.26315789,-248.2439669,13.26315789,-260.4383657,13.26315789,-376.9263171,13.26315789,-276.2319932,13.26315789,-243.8217662,13.26315789,-254.2879215,13.26315789,-244.2701466,13.26315789,-347.3410125,13.26315789,-331.0148382,13.26315789,-321.1604649,13.26315789,-287.9878931,13.26315789,-241.9451096,13.26315789,-235.5337676,13.26315789,-518.9785631,13.26315789,-265.3716055,13.26315789,-430.0320893,13.26315789,-288.6607941,13.26315789,-286.3462917,13.26315789,-272.9617334,13.26315789,-276.6152495,13.26315789,-327.4183669,13.26315789,-251.2314086,13.26315789,-313.0542683,13.26315789,-309.5991233,13.26315789,-378.5770918,13.26315789,-315.8885875,13.26315789,-317.1541601,13.26315789,-315.2554775,13.26315789,-241.868954,13.26315789,-386.4541056,13.26315789,-309.9204619,13.26315789,-266.9792199,13.26315789,-268.0788458,13.26315789,-557.6909293,13.26315789,-256.8711636,13.26315789,-313.8134252,13.26315789,-452.6079612
12,14.10526316,-1337.868814,14.10526316,-700.0274241,14.10526316,-507.8337551,14.10526316,-278.8015155,14.10526316,-279.6514815,14.10526316,-274.5666755,14.10526316,-256.6328021,14.10526316,-270.8412555,14.10526316,-346.7798985,14.10526316,-292.1557579,14.10526316,-264.6893355,14.10526316,-259.9495353,14.10526316,-305.2644683,14.10526316,-365.4319898,14.10526316,-268.5875266,14.10526316,-937.6587703,14.10526316,-256.345479,14.10526316,-336.8170115,14.10526316,-284.2571675,14.10526316,-289.1876957,14.10526316,-1998.814516,14.10526316,-279.0102494,14.10526316,-262.6188829,14.10526316,-329.7552852,14.10526316,-258.0285818,14.10526316,-252.3236715,14.10526316,-643.0742744,14.10526316,-301.658665,14.10526316,-292.6354437,14.10526316,-263.6018906,14.10526316,-240.1998143,14.10526316,-261.1895292,14.10526316,-332.056894,14.10526316,-384.0019529,14.10526316,-375.8563443,14.10526316,-258.3080548,14.10526316,-268.8424748,14.10526316,-302.9278142,14.10526316,-374.3453158,14.10526316,-264.2859245,14.10526316,-273.8052923,14.10526316,-297.4843001,14.10526316,-296.0261348,14.10526316,-256.0325566,14.10526316,-263.1700011,14.10526316,-489.3740455,14.10526316,-238.9041875,14.10526316,-256.86476,14.10526316,-295.6373874,14.10526316,-236.6191062,14.10526316,-269.4143874,14.10526316,-243.9081086,14.10526316,-252.0157923,14.10526316,-335.814915,14.10526316,-248.4040531,14.10526316,-253.1672265,14.10526316,-265.5101176,14.10526316,-259.5767281,14.10526316,-242.5960005,14.10526316,-284.4120531,14.10526316,-526.1928976,14.10526316,-288.4563356,14.10526316,-258.7625379,14.10526316,-369.4891154,14.10526316,-273.0781899,14.10526316,-264.2132469,14.10526316,-438.3684864,14.10526316,-582.7005959,14.10526316,-294.7160676,14.10526316,-245.9254595,14.10526316,-283.2347436,14.10526316,-273.3238909,14.10526316,-258.5755863,14.10526316,-248.79736,14.10526316,-257.178747,14.10526316,-357.2938974,14.10526316,-249.5908642,14.10526316,-392.8820554,14.10526316,-251.333465,14.10526316,-318.9524434,14.10526316,-257.8104656,14.10526316,-251.5898446,14.10526316,-271.8676796,14.10526316,-248.2706969,14.10526316,-260.6888012,14.10526316,-377.0159031,14.10526316,-276.7196917,14.10526316,-243.0677735,14.10526316,-253.9778672,14.10526316,-243.4795,14.10526316,-347.1693764,14.10526316,-328.4548059,14.10526316,-319.6697326,14.10526316,-287.9227971,14.10526316,-241.2221792,14.10526316,-234.6774177,14.10526316,-513.8276226,14.10526316,-264.2793195,14.10526316,-427.055993,14.10526316,-288.3311918,14.10526316,-283.2716042,14.10526316,-272.6710162,14.10526316,-276.5219772,14.10526316,-327.4035033,14.10526316,-251.2495784,14.10526316,-310.7844563,14.10526316,-308.0417,14.10526316,-377.5535607,14.10526316,-314.0429443,14.10526316,-315.2015635,14.10526316,-311.9235277,14.10526316,-241.3367511,14.10526316,-383.0071761,14.10526316,-307.4871692,14.10526316,-266.4767247,14.10526316,-268.3692747,14.10526316,-555.506444,14.10526316,-256.4779187,14.10526316,-311.8086279,14.10526316,-449.6526099
13,14.94736842,-1332.285045,14.94736842,-698.3840469,14.94736842,-507.0855977,14.94736842,-276.2246736,14.94736842,-276.8367302,14.94736842,-273.7061371,14.94736842,-255.9852025,14.94736842,-268.038048,14.94736842,-344.248692,14.94736842,-290.2573019,14.94736842,-263.9294435,14.94736842,-259.2712238,14.94736842,-302.251862,14.94736842,-364.9762876,14.94736842,-268.2610244,14.94736842,-937.4068785,14.94736842,-254.936471,14.94736842,-334.9930611,14.94736842,-281.4186689,14.94736842,-286.4113401,14.94736842,-1975.80302,14.94736842,-278.3715699,14.94736842,-261.8439644,14.94736842,-325.9639244,14.94736842,-256.8852839,14.94736842,-250.6662878,14.94736842,-640.7320576,14.94736842,-300.4571804,14.94736842,-292.5956616,14.94736842,-262.1884703,14.94736842,-237.9869745,14.94736842,-258.896812,14.94736842,-330.5343865,14.94736842,-383.4596514,14.94736842,-373.3735296,14.94736842,-256.7823199,14.94736842,-268.5926964,14.94736842,-302.186293,14.94736842,-370.3138959,14.94736842,-263.3351326,14.94736842,-272.8950466,14.94736842,-294.6184297,14.94736842,-293.9202778,14.94736842,-254.8579844,14.94736842,-261.976789,14.94736842,-483.4109222,14.94736842,-237.223728,14.94736842,-256.4225123,14.94736842,-294.8877926,14.94736842,-234.7626405,14.94736842,-267.7863944,14.94736842,-243.0423941,14.94736842,-251.3787676,14.94736842,-334.5826147,14.94736842,-246.5001959,14.94736842,-251.2039654,14.94736842,-263.8013788,14.94736842,-258.3549912,14.94736842,-240.1143951,14.94736842,-283.2752333,14.94736842,-521.49508,14.94736842,-286.9768059,14.94736842,-258.3625581,14.94736842,-369.1234397,14.94736842,-272.1478993,14.94736842,-263.7505033,14.94736842,-435.9201535,14.94736842,-582.1151717,14.94736842,-293.3541921,14.94736842,-245.1498752,14.94736842,-281.9670535,14.94736842,-273.2829779,14.94736842,-258.4585796,14.94736842,-248.3590994,14.94736842,-257.2031262,14.94736842,-357.478682,14.94736842,-249.1557565,14.94736842,-392.1842279,14.94736842,-250.9463282,14.94736842,-317.0665226,14.94736842,-257.4632676,14.94736842,-251.1131655,14.94736842,-271.9568818,14.94736842,-248.1530744,14.94736842,-260.7855881,14.94736842,-377.0546315,14.94736842,-277.0361069,14.94736842,-242.3169616,14.94736842,-253.632389,14.94736842,-242.6949181,14.94736842,-346.8166272,14.94736842,-325.8931491,14.94736842,-318.1755284,14.94736842,-287.6432285,14.94736842,-240.3475427,14.94736842,-233.6924134,14.94736842,-508.3713888,14.94736842,-263.013328,14.94736842,-424.2410757,14.94736842,-287.7940551,14.94736842,-280.002908,14.94736842,-272.437518,14.94736842,-276.3452043,14.94736842,-327.1796061,14.94736842,-251.0766999,14.94736842,-308.5157206,14.94736842,-306.4826813,14.94736842,-376.3473409,14.94736842,-312.1973849,14.94736842,-313.0985336,14.94736842,-308.5849879,14.94736842,-240.6351736,14.94736842,-379.3333139,14.94736842,-305.2063245,14.94736842,-265.9096556,14.94736842,-268.5664222,14.94736842,-552.9746856,14.94736842,-256.125005,14.94736842,-309.8041677,14.94736842,-446.6598319
14,15.78947368,-1326.589452,15.78947368,-696.6642883,15.78947368,-506.1974765,15.78947368,-273.5724543,15.78947368,-274.1824455,15.78947368,-272.8149602,15.78947368,-255.2981212,15.78947368,-265.3373836,15.78947368,-341.8328433,15.78947368,-288.3657538,15.78947368,-263.2525769,15.78947368,-258.6066994,15.78947368,-299.3417024,15.78947368,-364.4660449,15.78947368,-267.8204993,15.78947368,-936.3096949,15.78947368,-253.6886785,15.78947368,-333.1422153,15.78947368,-278.5628548,15.78947368,-283.4943653,15.78947368,-1952.514978,15.78947368,-277.7337932,15.78947368,-261.0887847,15.78947368,-322.0966053,15.78947368,-255.7112258,15.78947368,-249.0743217,15.78947368,-638.5322563,15.78947368,-299.2172599,15.78947368,-292.3876161,15.78947368,-260.760322,15.78947368,-235.7825009,15.78947368,-256.6142806,15.78947368,-328.8300737,15.78947368,-382.7024938,15.78947368,-370.8568701,15.78947368,-255.1557155,15.78947368,-268.1878761,15.78947368,-301.4494232,15.78947368,-366.2464165,15.78947368,-262.3050807,15.78947368,-271.9457451,15.78947368,-291.8526982,15.78947368,-291.821825,15.78947368,-253.6031842,15.78947368,-260.783184,15.78947368,-477.3805878,15.78947368,-235.4377541,15.78947368,-255.8252893,15.78947368,-294.2073467,15.78947368,-232.7771927,15.78947368,-266.2409701,15.78947368,-242.1681011,15.78947368,-250.7024481,15.78947368,-333.3251536,15.78947368,-244.4905007,15.78947368,-249.262641,15.78947368,-262.1048684,15.78947368,-256.9613292,15.78947368,-237.6647722,15.78947368,-282.1502695,15.78947368,-516.982278,15.78947368,-285.4715871,15.78947368,-257.8063997,15.78947368,-368.4167678,15.78947368,-271.2074302,15.78947368,-263.2457543,15.78947368,-433.5682282,15.78947368,-581.4495019,15.78947368,-291.972132,15.78947368,-244.4641384,15.78947368,-280.6432939,15.78947368,-273.0861987,15.78947368,-258.2403676,15.78947368,-247.9217782,15.78947368,-257.0140631,15.78947368,-357.5024285,15.78947368,-248.5798709,15.78947368,-391.2123863,15.78947368,-250.369166,15.78947368,-315.1647661,15.78947368,-257.0731592,15.78947368,-250.6422703,15.78947368,-271.8842965,15.78947368,-247.989916,15.78947368,-260.6149802,15.78947368,-376.7190007,15.78947368,-277.1773563,15.78947368,-241.4590363,15.78947368,-253.1470482,15.78947368,-241.9037938,15.78947368,-346.2716068,15.78947368,-323.1566397,15.78947368,-316.5149354,15.78947368,-287.2551872,15.78947368,-239.5087328,15.78947368,-232.7888234,15.78947368,-503.1169345,15.78947368,-261.8037315,15.78947368,-421.3655939,15.78947368,-287.2903476,15.78947368,-276.6707537,15.78947368,-271.9836343,15.78947368,-276.0616025,15.78947368,-326.7396661,15.78947368,-250.922546,15.78947368,-306.0820687,15.78947368,-304.907995,15.78947368,-374.9429626,15.78947368,-310.1875464,15.78947368,-310.9804642,15.78947368,-305.224503,15.78947368,-239.85547,15.78947368,-375.8036037,15.78947368,-302.7610696,15.78947368,-265.2551983,15.78947368,-268.5330553,15.78947368,-550.610701,15.78947368,-255.5519953,15.78947368,-307.6356701,15.78947368,-443.3959822
15,16.63157895,-1321.290988,16.63157895,-694.5601428,16.63157895,-505.1624123,16.63157895,-271.0673485,16.63157895,-271.5471305,16.63157895,-271.9900451,16.63157895,-254.5665851,16.63157895,-262.6117987,16.63157895,-339.5209624,16.63157895,-286.3452417,16.63157895,-262.4235312,16.63157895,-257.8276397,16.63157895,-296.3954296,16.63157895,-363.8927753,16.63157895,-267.3647641,16.63157895,-934.7037035,16.63157895,-252.2402121,16.63157895,-331.3810647,16.63157895,-275.8010394,16.63157895,-280.674059,16.63157895,-1928.891406,16.63157895,-276.9706834,16.63157895,-260.2293236,16.63157895,-318.123775,16.63157895,-254.6078162,16.63157895,-247.4303176,16.63157895,-636.1950735,16.63157895,-297.9325046,16.63157895,-292.0067607,16.63157895,-259.4090185,16.63157895,-233.464942,16.63157895,-254.3280999,16.63157895,-327.0819681,16.63157895,-382.0429301,16.63157895,-368.4496045,16.63157895,-253.6425911,16.63157895,-267.7319329,16.63157895,-300.5800596,16.63157895,-362.3056444,16.63157895,-261.2917336,16.63157895,-270.9498463,16.63157895,-289.0535235,16.63157895,-289.7162757,16.63157895,-252.4631546,16.63157895,-259.5773869,16.63157895,-471.2680856,16.63157895,-233.8271921,16.63157895,-255.1756884,16.63157895,-293.3573201,16.63157895,-230.8811505,16.63157895,-264.6627705,16.63157895,-241.3732584,16.63157895,-249.8844069,16.63157895,-332.0297411,16.63157895,-242.592283,16.63157895,-247.328501,16.63157895,-260.406819,16.63157895,-255.6918886,16.63157895,-235.2305941,16.63157895,-280.9012688,16.63157895,-512.3928805,16.63157895,-284.0506091,16.63157895,-257.2963864,16.63157895,-367.6456821,16.63157895,-270.246083,16.63157895,-262.6939732,16.63157895,-431.3058479,16.63157895,-580.4509367,16.63157895,-290.5599783,16.63157895,-243.6673755,16.63157895,-279.1256169,16.63157895,-272.7293212,16.63157895,-257.7888389,16.63157895,-247.3707534,16.63157895,-256.7077292,16.63157895,-357.1964181,16.63157895,-247.9581475,16.63157895,-390.312449,16.63157895,-249.8027531,16.63157895,-313.2343156,16.63157895,-256.6352284,16.63157895,-250.1627456,16.63157895,-271.7572046,16.63157895,-247.6731891,16.63157895,-260.5001422,16.63157895,-376.3145082,16.63157895,-277.1405477,16.63157895,-240.6794703,16.63157895,-252.6162527,16.63157895,-240.9966168,16.63157895,-345.524071,16.63157895,-320.3901754,16.63157895,-314.8243646,16.63157895,-286.8653013,16.63157895,-238.6880914,16.63157895,-231.7406585,16.63157895,-497.784793,16.63157895,-260.5010571,16.63157895,-418.4174639,16.63157895,-286.5357696,16.63157895,-273.4078552,16.63157895,-271.4161119,16.63157895,-275.6547669,16.63157895,-326.2228102,16.63157895,-250.5411165,16.63157895,-303.6221794,16.63157895,-303.1608657,16.63157895,-373.5033659,16.63157895,-308.1508269,16.63157895,-308.6852043,16.63157895,-301.8302457,16.63157895,-239.0923439,16.63157895,-372.2135447,16.63157895,-300.1397066,16.63157895,-264.4942775,16.63157895,-268.3725089,16.63157895,-547.8684023,16.63157895,-254.9814572,16.63157895,-305.2910541,16.63157895,-440.502196
16,17.47368421,-1315.256286,17.47368421,-692.6309907,17.47368421,-503.9762364,17.47368421,-268.4496684,17.47368421,-268.914719,17.47368421,-271.0146884,17.47368421,-253.7862961,17.47368421,-259.9696564,17.47368421,-337.1668338,17.47368421,-284.4277743,17.47368421,-261.6628394,17.47368421,-256.919409,17.47368421,-293.5337792,17.47368421,-363.0987457,17.47368421,-266.8829903,17.47368421,-932.9240617,17.47368421,-250.9178082,17.47368421,-329.5750837,17.47368421,-273.1244224,17.47368421,-277.9413038,17.47368421,-1905.864535,17.47368421,-276.2974291,17.47368421,-259.3625576,17.47368421,-314.3489683,17.47368421,-253.4601354,17.47368421,-245.8127426,17.47368421,-633.9770396,17.47368421,-296.707352,17.47368421,-291.5657457,17.47368421,-258.0267059,17.47368421,-231.2409613,17.47368421,-252.0263666,17.47368421,-325.281217,17.47368421,-381.1498285,17.47368421,-365.9881009,17.47368421,-252.0030931,17.47368421,-267.220417,17.47368421,-299.6885524,17.47368421,-358.3050566,17.47368421,-260.1667396,17.47368421,-270.0162763,17.47368421,-286.3366146,17.47368421,-287.7228041,17.47368421,-251.3198967,17.47368421,-258.4535744,17.47368421,-465.3052041,17.47368421,-232.1914081,17.47368421,-254.5751345,17.47368421,-292.5652976,17.47368421,-229.0664417,17.47368421,-263.152935,17.47368421,-240.4524624,17.47368421,-249.1155502,17.47368421,-330.6873146,17.47368421,-240.5648218,17.47368421,-245.3885245,17.47368421,-258.812263,17.47368421,-254.4279574,17.47368421,-232.7978601,17.47368421,-279.7565107,17.47368421,-507.9595855,17.47368421,-282.5880282,17.47368421,-256.6223459,17.47368421,-366.9448494,17.47368421,-269.3609808,17.47368421,-262.0908319,17.47368421,-429.122219,17.47368421,-579.3452936,17.47368421,-288.9730703,17.47368421,-242.8456945,17.47368421,-277.6711102,17.47368421,-272.3167923,17.47368421,-257.4370795,17.47368421,-246.7976037,17.47368421,-256.3855499,17.47368421,-357.0063221,17.47368421,-247.2863693,17.47368421,-389.3024067,17.47368421,-249.1249348,17.47368421,-311.2653983,17.47368421,-256.1452538,17.47368421,-249.5599991,17.47368421,-271.4601126,17.47368421,-247.3025542,17.47368421,-260.1104235,17.47368421,-375.8330806,17.47368421,-276.9220673,17.47368421,-239.7737802,17.47368421,-251.9373278,17.47368421,-240.1624218,17.47368421,-344.8669846,17.47368421,-317.7406456,17.47368421,-313.0939363,17.47368421,-286.3347911,17.47368421,-237.768298,17.47368421,-230.760044,17.47368421,-492.6225861,17.47368421,-259.2144416,17.47368421,-415.5927156,17.47368421,-285.9101819,17.47368421,-269.9260007,17.47368421,-270.719867,17.47368421,-275.2347441,17.47368421,-325.7691793,17.47368421,-250.1480607,17.47368421,-300.9734015,17.47368421,-301.5207321,17.47368421,-372.0151437,17.47368421,-306.0767942,17.47368421,-306.5020037,17.47368421,-298.3910232,17.47368421,-238.2191473,17.47368421,-368.7456841,17.47368421,-297.6320285,17.47368421,-263.6111162,17.47368421,-268.1906671,17.47368421,-545.2674247,17.47368421,-254.2798886,17.47368421,-303.0587777,17.47368421,-437.3120557
17,18.31578947,-1309.552901,18.31578947,-690.5732219,18.31578947,-502.8468062,18.31578947,-265.9485132,18.31578947,-266.2722746,18.31578947,-270.1977853,18.31578947,-252.9535025,18.31578947,-257.2863158,18.31578947,-334.7623824,18.31578947,-282.6038913,18.31578947,-260.7384,18.31578947,-256.1014518,18.31578947,-290.7492807,18.31578947,-362.3767675,18.31578947,-266.2535648,18.31578947,-930.9579241,18.31578947,-249.5930743,18.31578947,-327.9696064,18.31578947,-270.4035877,18.31578947,-275.1640573,18.31578947,-1882.400066,18.31578947,-275.478907,18.31578947,-258.4752243,18.31578947,-310.4213611,18.31578947,-252.2638173,18.31578947,-244.1444474,18.31578947,-631.6003334,18.31578947,-295.5368112,18.31578947,-291.0604603,18.31578947,-256.7072778,18.31578947,-228.9928286,18.31578947,-249.699466,18.31578947,-323.5677845,18.31578947,-380.3374365,18.31578947,-363.46416,18.31578947,-250.4550586,18.31578947,-266.6494678,18.31578947,-298.8865798,18.31578947,-354.2344338,18.31578947,-259.1438079,18.31578947,-269.0249088,18.31578947,-283.5706962,18.31578947,-285.5682788,18.31578947,-250.057128,18.31578947,-257.2996116,18.31578947,-459.2352367,18.31578947,-230.52367,18.31578947,-253.9127959,18.31578947,-291.710586,18.31578947,-227.213197,18.31578947,-261.5981651,18.31578947,-239.5950381,18.31578947,-248.2945214,18.31578947,-329.2893267,18.31578947,-238.6285262,18.31578947,-243.4319348,18.31578947,-257.1942136,18.31578947,-253.1576749,18.31578947,-230.3549346,18.31578947,-278.4644472,18.31578947,-503.4238797,18.31578947,-281.0771755,18.31578947,-255.9862499,18.31578947,-366.0275161,18.31578947,-268.3308757,18.31578947,-261.3306367,18.31578947,-427.012767,18.31578947,-578.1212798,18.31578947,-287.4734402,18.31578947,-242.0861848,18.31578947,-276.1433649,18.31578947,-271.7368346,18.31578947,-256.9446445,18.31578947,-246.1926419,18.31578947,-256.0363203,18.31578947,-356.4621536,18.31578947,-246.6598765,18.31578947,-388.1766842,18.31578947,-248.4318602,18.31578947,-309.248319,18.31578947,-255.4978275,18.31578947,-248.9284194,18.31578947,-271.1008981,18.31578947,-246.8744394,18.31578947,-259.7685085,18.31578947,-375.2680086,18.31578947,-276.7459922,18.31578947,-238.9312734,18.31578947,-251.3037911,18.31578947,-239.2940336,18.31578947,-343.9915994,18.31578947,-314.8827071,18.31578947,-311.4619167,18.31578947,-285.7771021,18.31578947,-236.8402262,18.31578947,-229.7317505,18.31578947,-487.3559408,18.31578947,-257.8008243,18.31578947,-412.6754907,18.31578947,-285.1349928,18.31578947,-266.5005691,18.31578947,-270.133682,18.31578947,-274.6651762,18.31578947,-325.081273,18.31578947,-249.7329488,18.31578947,-298.5824556,18.31578947,-299.6895467,18.31578947,-370.4677476,18.31578947,-303.9559063,18.31578947,-304.2721123,18.31578947,-294.8973695,18.31578947,-237.4477374,18.31578947,-365.1971008,18.31578947,-295.0781933,18.31578947,-262.8369489,18.31578947,-267.858264,18.31578947,-542.7955114,18.31578947,-253.5556836,18.31578947,-300.7801015,18.31578947,-434.2522225
18,19.15789474,-1303.60565,19.15789474,-688.3744997,19.15789474,-501.7683518,19.15789474,-263.4303105,19.15789474,-263.730609,19.15789474,-269.2200117,19.15789474,-252.1630197,19.15789474,-254.7900388,19.15789474,-332.5728825,19.15789474,-280.7429652,19.15789474,-259.8709633,19.15789474,-255.2496008,19.15789474,-287.9067418,19.15789474,-361.5712055,19.15789474,-265.6932088,19.15789474,-928.4471738,19.15789474,-248.2552452,19.15789474,-326.3057697,19.15789474,-267.7537273,19.15789474,-272.4597281,19.15789474,-1859.44505,19.15789474,-274.7326965,19.15789474,-257.6666628,19.15789474,-306.4881711,19.15789474,-251.1214644,19.15789474,-242.5039756,19.15789474,-629.3248038,19.15789474,-294.4163457,19.15789474,-290.4873122,19.15789474,-255.4453423,19.15789474,-226.8217823,19.15789474,-247.4554499,19.15789474,-321.7876758,19.15789474,-379.2778582,19.15789474,-361.1788854,19.15789474,-248.9904952,19.15789474,-266.0157035,19.15789474,-297.9215086,19.15789474,-350.2615508,19.15789474,-258.099522,19.15789474,-267.9713901,19.15789474,-280.9980581,19.15789474,-283.6376871,19.15789474,-248.9810082,19.15789474,-256.1085674,19.15789474,-453.5391866,19.15789474,-228.9153714,19.15789474,-253.185598,19.15789474,-290.874211,19.15789474,-225.3155149,19.15789474,-260.1012465,19.15789474,-238.6968396,19.15789474,-247.5152819,19.15789474,-327.8282337,19.15789474,-236.7749609,19.15789474,-241.567217,19.15789474,-255.5439448,19.15789474,-251.8709597,19.15789474,-228.0005805,19.15789474,-277.3764187,19.15789474,-499.2680956,19.15789474,-279.6312113,19.15789474,-255.2828046,19.15789474,-365.1702732,19.15789474,-267.4685621,19.15789474,-260.6140659,19.15789474,-424.9707669,19.15789474,-576.7698595,19.15789474,-285.919742,19.15789474,-241.2880192,19.15789474,-274.5379507,19.15789474,-271.0943829,19.15789474,-256.4168998,19.15789474,-245.5494888,19.15789474,-255.5383461,19.15789474,-356.0109339,19.15789474,-245.9762063,19.15789474,-387.106648,19.15789474,-247.821357,19.15789474,-307.1753361,19.15789474,-254.8933734,19.15789474,-248.2600285,19.15789474,-270.565486,19.15789474,-246.3857234,19.15789474,-259.3623868,19.15789474,-374.6140591,19.15789474,-276.3437737,19.15789474,-238.0470877,19.15789474,-250.6137987,19.15789474,-238.484465,19.15789474,-343.1913971,19.15789474,-312.1233682,19.15789474,-309.6250538,19.15789474,-285.1813289,19.15789474,-235.9975804,19.15789474,-228.6513047,19.15789474,-482.2362949,19.15789474,-256.5034544,19.15789474,-409.8649728,19.15789474,-284.1985884,19.15789474,-263.1268388,19.15789474,-269.3933266,19.15789474,-274.0596266,19.15789474,-324.4458989,19.15789474,-249.1706182,19.15789474,-295.9849487,19.15789474,-297.9485354,19.15789474,-368.6775413,19.15789474,-301.9295532,19.15789474,-301.9866658,19.15789474,-291.4971212,19.15789474,-236.5427292,19.15789474,-361.5618825,19.15789474,-292.6204569,19.15789474,-261.9161574,19.15789474,-267.4846682,19.15789474,-540.1792613,19.15789474,-252.7982117,19.15789474,-298.5958714,19.15789474,-431.311822
19,20,-1297.93959,20,-686.3097975,20,-500.5264189,20,-261.0067378,20,-261.1578787,20,-268.2866851,20,-251.3136464,20,-252.1226087,20,-330.3193248,20,-278.8376465,20,-259.0556366,20,-254.3588746,20,-285.1296779,20,-360.6771779,20,-265.0826141,20,-926.0760043,20,-246.894751,20,-324.7045682,20,-265.1692886,20,-269.8225446,20,-1836.964413,20,-273.9393671,20,-256.7147917,20,-302.6980523,20,-249.9210277,20,-240.8768843,20,-627.1423376,20,-293.2320942,20,-289.843133,20,-254.1358965,20,-224.6119566,20,-245.170525,20,-319.9350532,20,-378.2863614,20,-358.8174473,20,-247.487904,20,-265.4238432,20,-297.0288437,20,-346.37922,20,-257.0249134,20,-266.9660955,20,-278.3647304,20,-281.5290357,20,-247.7691644,20,-254.9781964,20,-447.7159881,20,-227.3615579,20,-252.4957843,20,-289.9853075,20,-223.4822118,20,-258.6577201,20,-237.8507428,20,-246.6775645,20,-326.4449093,20,-234.8828287,20,-239.6689214,20,-253.8546004,20,-250.6631732,20,-225.6179263,20,-276.1246806,20,-494.7439855,20,-278.244817,20,-254.6117109,20,-364.088362,20,-266.4501216,20,-259.9378287,20,-422.9958286,20,-575.5184181,20,-284.4402807,20,-240.4458015,20,-272.9821803,20,-270.4940999,20,-255.844857,20,-244.8618036,20,-255.1089959,20,-355.4921068,20,-245.2325482,20,-386.0879669,20,-247.0699977,20,-305.1879674,20,-254.32863,20,-247.6515751,20,-270.0726358,20,-245.9362371,20,-258.889227,20,-373.8656398,20,-276.0659139,20,-237.214541,20,-249.9626821,20,-237.6292055,20,-342.3106567,20,-309.4547447,20,-307.8719498,20,-284.4141052,20,-235.0262424,20,-227.622681,20,-476.9887389,20,-255.0550971,20,-406.9460705,20,-283.3547312,20,-259.658513,20,-268.7409877,20,-273.4100517,20,-323.7140677,20,-248.6826999,20,-293.4772729,20,-296.1463241,20,-367.1608636,20,-299.8409168,20,-299.7886548,20,-288.0274399,20,-235.6089263,20,-358.2155335,20,-289.9508171,20,-261.0832427,20,-267.0623864,20,-537.4089379,20,-252.1182968,20,-296.2007833,20,-428.2665547
